<dict>
	<key>LayoutID</key>
	<integer>88</integer>
	<key>PathMapRef</key>
	<array>
		<dict>
			<key>CodecID</key>
			<array>
				<integer>283902497</integer>
			</array>
			<key>Headphone</key>
			<dict/>
			<key>Inputs</key>
			<array>
				<string>LineIn</string>
			</array>
			<key>IntSpeaker</key>
			<dict>
				<key>MaximumBootBeepValue</key>
				<integer>48</integer>
				<key>MuteGPIO</key>
				<integer>0</integer>
			</dict>
			<key>LineIn</key>
			<dict>
				<key>MuteGPIO</key>
				<integer>1342242842</integer>
			</dict>
			<key>Outputs</key>
			<array>
				<string>IntSpeaker</string>
				<string>Headphone</string>
			</array>
			<key>PathMapID</key>
			<integer>88</integer>
		</dict>
	</array>
</dict>
