<dict>
	<key>LayoutID</key>
	<integer>86</integer>
	<key>PathMapRef</key>
	<array>
		<dict>
			<key>CodecID</key>
			<array>
				<integer>283902551</integer>
			</array>
			<key>Headphone</key>
			<dict/>
			<key>Inputs</key>
			<array>
				<string>LineIn</string>
				<string>Mic</string>
			</array>
			<key>IntSpeaker</key>
			<dict/>
			<key>LineIn</key>
			<dict/>
			<key>Mic</key>
			<dict/>
			<key>Outputs</key>
			<array>
				<string>Headphone</string>
				<string>IntSpeaker</string>
			</array>
			<key>PathMapID</key>
			<integer>86</integer>
		</dict>
	</array>
</dict>
