<dict>
	<key>CommonPeripheralDSP</key>
	<array>
		<dict>
			<key>DeviceID</key>
			<integer>0</integer>
			<key>DeviceType</key>
			<string>Headphone</string>
		</dict>
		<dict>
			<key>DeviceID</key>
			<integer>1</integer>
			<key>DeviceType</key>
			<string>Headphone</string>
		</dict>
	</array>
	<key>PathMaps</key>
	<array>
		<dict>
			<key>PathMap</key>
			<array>
				<array>
					<array>
						<array>
							<dict>
								<key>Amp</key>
								<dict>
									<key>Channels</key>
									<array>
										<dict>
											<key>Bind</key>
											<integer>1</integer>
											<key>Channel</key>
											<integer>1</integer>
										</dict>
										<dict>
											<key>Bind</key>
											<integer>2</integer>
											<key>Channel</key>
											<integer>2</integer>
										</dict>
									</array>
									<key>MuteInputAmp</key>
									<true/>
									<key>PublishMute</key>
									<true/>
									<key>PublishVolume</key>
									<true/>
									<key>VolumeInputAmp</key>
									<true/>
								</dict>
								<key>MinimumSampleRate</key>
								<integer>96000</integer>
								<key>NodeID</key>
								<integer>9</integer>
							</dict>
							<dict>
								<key>NodeID</key>
								<integer>34</integer>
							</dict>
							<dict>
								<key>Boost</key>
								<integer>3</integer>
								<key>NodeID</key>
								<integer>24</integer>
							</dict>
						</array>
					</array>
					<array>
						<array>
							<dict>
								<key>Amp</key>
								<dict>
									<key>Channels</key>
									<array>
										<dict>
											<key>Bind</key>
											<integer>1</integer>
											<key>Channel</key>
											<integer>1</integer>
										</dict>
										<dict>
											<key>Bind</key>
											<integer>2</integer>
											<key>Channel</key>
											<integer>2</integer>
										</dict>
									</array>
									<key>MuteInputAmp</key>
									<true/>
									<key>PublishMute</key>
									<true/>
									<key>PublishVolume</key>
									<true/>
									<key>VolumeInputAmp</key>
									<true/>
								</dict>
								<key>MinimumSampleRate</key>
								<integer>96000</integer>
								<key>NodeID</key>
								<integer>7</integer>
							</dict>
							<dict>
								<key>NodeID</key>
								<integer>36</integer>
							</dict>
							<dict>
								<key>Boost</key>
								<integer>3</integer>
								<key>NodeID</key>
								<integer>26</integer>
							</dict>
						</array>
					</array>
				</array>
				<array>
					<array>
						<array>
							<dict>
								<key>NodeID</key>
								<integer>22</integer>
							</dict>
							<dict>
								<key>Amp</key>
								<dict>
									<key>Channels</key>
									<array>
										<dict>
											<key>Bind</key>
											<integer>1</integer>
											<key>Channel</key>
											<integer>1</integer>
										</dict>
										<dict>
											<key>Bind</key>
											<integer>2</integer>
											<key>Channel</key>
											<integer>2</integer>
										</dict>
									</array>
									<key>MuteInputAmp</key>
									<true/>
									<key>PublishMute</key>
									<true/>
									<key>PublishVolume</key>
									<true/>
									<key>VolumeInputAmp</key>
									<false/>
								</dict>
								<key>MinimumSampleRate</key>
								<integer>96000</integer>
								<key>NodeID</key>
								<integer>14</integer>
							</dict>
							<dict>
								<key>NodeID</key>
								<integer>2</integer>
							</dict>
						</array>
					</array>
					<array>
						<array>
							<dict>
								<key>NodeID</key>
								<integer>20</integer>
							</dict>
							<dict>
								<key>Amp</key>
								<dict>
									<key>Channels</key>
									<array>
										<dict>
											<key>Bind</key>
											<integer>1</integer>
											<key>Channel</key>
											<integer>1</integer>
										</dict>
										<dict>
											<key>Bind</key>
											<integer>2</integer>
											<key>Channel</key>
											<integer>2</integer>
										</dict>
									</array>
									<key>MuteInputAmp</key>
									<true/>
									<key>PublishMute</key>
									<true/>
									<key>PublishVolume</key>
									<true/>
									<key>VolumeInputAmp</key>
									<false/>
								</dict>
								<key>MinimumSampleRate</key>
								<integer>96000</integer>
								<key>NodeID</key>
								<integer>12</integer>
							</dict>
							<dict>
								<key>NodeID</key>
								<integer>2</integer>
							</dict>
						</array>
					</array>
					<array>
						<array>
							<dict>
								<key>NodeID</key>
								<integer>21</integer>
							</dict>
							<dict>
								<key>Amp</key>
								<dict>
									<key>Channels</key>
									<array>
										<dict>
											<key>Bind</key>
											<integer>1</integer>
											<key>Channel</key>
											<integer>1</integer>
										</dict>
										<dict>
											<key>Bind</key>
											<integer>2</integer>
											<key>Channel</key>
											<integer>2</integer>
										</dict>
									</array>
									<key>MuteInputAmp</key>
									<true/>
									<key>PublishMute</key>
									<true/>
									<key>PublishVolume</key>
									<true/>
									<key>VolumeInputAmp</key>
									<false/>
								</dict>
								<key>MinimumSampleRate</key>
								<integer>96000</integer>
								<key>NodeID</key>
								<integer>13</integer>
							</dict>
							<dict>
								<key>NodeID</key>
								<integer>3</integer>
							</dict>
						</array>
					</array>
				</array>
			</array>
			<key>PathMapID</key>
			<integer>47</integer>
		</dict>
	</array>
</dict>
